text,label
"Great initiative, the proposed reform addresses long standing industry demands.",Positive
the proposed reform will save businesses a lot of time and cost.,Positive
this circular will greatly help small businesses grow.,Positive
"I fully support the new compliance framework, it is a step in the right direction.",Positive
"Great initiative, the new registration process addresses long standing industry demands.",Positive
I appreciate the ministry for introducing the proposed reform.,Positive
this regulation will make life easier for compliance officers.,Positive
Is online submission mandatory for this circular or is offline allowed?,Neutral
The compliance cost under this policy is simply unaffordable.,Negative
Kindly share the FAQ document related to the draft policy.,Neutral
Is online submission mandatory for this regulation or is offline allowed?,Neutral
"I am against this circular, the penalties proposed are too harsh.",Negative
Is there a helpline for queries related to the proposed reform?,Neutral
"I fully support the revised procedure, it is a step in the right direction.",Positive
How does the amendment apply to companies registered outside India?,Neutral
this notification makes compliance much easier for startups.,Positive
This is an excellent move that will benefit MSMEs.,Positive
Is this rule applicable to partnership firms as well?,Neutral
this initiative will reduce the compliance burden significantly.,Positive
The compliance cost under the proposed scheme is simply unaffordable.,Negative
"I am disappointed with the amendment, it does not solve the actual problem.",Negative
"Very happy to see the compliance process, it will encourage entrepreneurship.",Positive
Is there a helpline for queries related to the draft guideline?,Neutral
"I strongly oppose this initiative, it adds unnecessary burden.",Negative
this circular will make life easier for compliance officers.,Positive
The timelines proposed in the licensing framework are unreasonable.,Negative
this policy is impractical and needs to be withdrawn immediately.,Negative
the new registration process will reduce the compliance burden significantly.,Positive
"This is a welcome change, the draft guideline is exactly what was needed.",Positive
Can the deadline for the proposed amendment be extended by a few months?,Neutral
the amendment will save businesses a lot of time and cost.,Positive
"Very happy to see this notification, it will encourage entrepreneurship.",Positive
the licensing framework will hurt small and medium enterprises badly.,Negative
"I am against this rule, the penalties proposed are too harsh.",Negative
Please share the documents required to comply with the proposed amendment.,Neutral
Is there a helpline for queries related to this policy?,Neutral
How does the draft guideline apply to companies registered outside India?,Neutral
Please confirm whether the amendment replaces the earlier circular.,Neutral
What is the effective date for this initiative?,Neutral
Where can we submit our comments regarding this notification?,Neutral
This rule contradicts an earlier notification and causes confusion.,Negative
the proposed reform imposes excessive paperwork on businesses.,Negative
What is the process to seek an exemption under the proposed reform?,Neutral
Where can we submit our comments regarding the amendment?,Neutral
Please share the documents required to comply with this circular.,Neutral
What is the process to seek an exemption under this policy?,Neutral
This process is broken and the revised procedure makes it even worse.,Negative
Requesting a public hearing before the licensing framework is finalized.,Neutral
"Great initiative, this notification addresses long standing industry demands.",Positive
The timelines proposed in the new compliance framework are unreasonable.,Negative
"Very happy to see the proposed reform, it will encourage entrepreneurship.",Positive
this initiative will boost investor confidence in the sector.,Positive
this initiative will greatly help small businesses grow.,Positive
This is a poorly drafted policy that ignores ground realities.,Negative
"This is a welcome change, the revised procedure is exactly what was needed.",Positive
Will the new registration process apply retrospectively or only going forward?,Neutral
Please clarify the definition of small business under the new registration process.,Neutral
Please confirm whether the new registration process replaces the earlier circular.,Neutral
Please provide a sample format for the forms required under the draft policy.,Neutral
What are the reporting requirements introduced under the new compliance framework?,Neutral
Kindly share the FAQ document related to this regulation.,Neutral
Please clarify which entities are covered under the proposed scheme.,Neutral
the amendment makes compliance much easier for startups.,Positive
"I am against the proposed reform, the penalties proposed are too harsh.",Negative
The timelines proposed in this regulation are unreasonable.,Negative
this policy will increase compliance costs without any real benefit.,Negative
Can you provide more details on the applicability of the draft guideline?,Neutral
the revised procedure is progressive and forward looking.,Positive
"I am disappointed with the proposed amendment, it does not solve the actual problem.",Negative
the new registration process is impractical and needs to be withdrawn immediately.,Negative
"Great initiative, the draft policy addresses long standing industry demands.",Positive
the proposed scheme is too complicated and expensive for small businesses.,Negative
Will this rule apply retrospectively or only going forward?,Neutral
the proposed amendment is a positive step towards ease of doing business.,Positive
The timelines proposed in this rule are unreasonable.,Negative
the new registration process strikes a good balance between regulation and growth.,Positive
the draft guideline will greatly help small businesses grow.,Positive
"I am against the amendment, the penalties proposed are too harsh.",Negative
This will create more red tape instead of reducing it.,Negative
Is the draft guideline applicable to partnership firms as well?,Neutral
"the new filing requirement is vague, ambiguous, and open to misuse.",Negative
"I strongly oppose this notification, it adds unnecessary burden.",Negative
"Very happy to see the draft guideline, it will encourage entrepreneurship.",Positive
Will this initiative apply retrospectively or only going forward?,Neutral
I appreciate the ministry for introducing the draft guideline.,Positive
the proposed reform brings much needed clarity and transparency.,Positive
the draft guideline is progressive and forward looking.,Positive
the new registration process will make life easier for compliance officers.,Positive
What is the effective date for the draft guideline?,Neutral
How does the revised procedure apply to companies registered outside India?,Neutral
Is the new filing requirement applicable to partnership firms as well?,Neutral
Please share the documents required to comply with this notification.,Neutral
this notification will reduce the compliance burden significantly.,Positive
The timelines proposed in the compliance process are unreasonable.,Negative
Where can we submit our comments regarding the proposed reform?,Neutral
the compliance process makes compliance much easier for startups.,Positive
the licensing framework does not take stakeholder feedback into account at all.,Negative
the proposed amendment is well drafted and addresses real industry concerns.,Positive
the draft guideline is too complicated and expensive for small businesses.,Negative
this circular is well drafted and addresses real industry concerns.,Positive
Is there a helpline for queries related to the new filing requirement?,Neutral
the draft guideline makes compliance much easier for startups.,Positive
Will the proposed scheme apply retrospectively or only going forward?,Neutral
Please confirm whether this rule replaces the earlier circular.,Neutral
This will create more red tape instead of reducing it.,Negative
this initiative lacks clarity and will lead to harassment by officials.,Negative
the draft policy makes compliance much easier for startups.,Positive
this policy does not take stakeholder feedback into account at all.,Negative
the new compliance framework does not take stakeholder feedback into account at all.,Negative
How does this initiative apply to companies registered outside India?,Neutral
No prior consultation was done before drafting this rule.,Negative
Is the revised procedure applicable to partnership firms as well?,Neutral
The compliance cost under the licensing framework is simply unaffordable.,Negative
This will create more red tape instead of reducing it.,Negative
This is an excellent move that will benefit MSMEs.,Positive
the new filing requirement is unfair to smaller companies compared to large corporations.,Negative
Is there a transition period before this regulation becomes mandatory?,Neutral
this initiative imposes excessive paperwork on businesses.,Negative
"Kudos to the department for this rule, very well thought out.",Positive
the proposed amendment does not take stakeholder feedback into account at all.,Negative
What are the reporting requirements introduced under the amendment?,Neutral
the new compliance framework will increase compliance costs without any real benefit.,Negative
Kindly clarify the penalty structure mentioned in the draft policy.,Neutral
"the compliance process is vague, ambiguous, and open to misuse.",Negative
this circular will boost investor confidence in the sector.,Positive
Is there a helpline for queries related to the new registration process?,Neutral
the draft guideline will save businesses a lot of time and cost.,Positive
How does the proposed amendment apply to companies registered outside India?,Neutral
"Kudos to the department for this regulation, very well thought out.",Positive
this rule is impractical and needs to be withdrawn immediately.,Negative
"This is a welcome change, the licensing framework is exactly what was needed.",Positive
This is a poorly drafted policy that ignores ground realities.,Negative
This is an excellent move that will benefit MSMEs.,Positive
Requesting a public hearing before the amendment is finalized.,Neutral
the licensing framework brings much needed clarity and transparency.,Positive
"I am disappointed with the draft guideline, it does not solve the actual problem.",Negative
Is there a transition period before the proposed scheme becomes mandatory?,Neutral
This will create more red tape instead of reducing it.,Negative
Kindly share the FAQ document related to the draft guideline.,Neutral
This is a poorly drafted policy that ignores ground realities.,Negative
"this circular is vague, ambiguous, and open to misuse.",Negative
this regulation does not take stakeholder feedback into account at all.,Negative
How does the proposed scheme apply to companies registered outside India?,Neutral
the new filing requirement is well drafted and addresses real industry concerns.,Positive
I appreciate the ministry for introducing the proposed amendment.,Positive
this notification does not take stakeholder feedback into account at all.,Negative
the new registration process is confusing and difficult to implement.,Negative
I appreciate the ministry for introducing this circular.,Positive
Is there a helpline for queries related to the proposed scheme?,Neutral
"I fully support the new filing requirement, it is a step in the right direction.",Positive
Where can we submit our comments regarding the compliance process?,Neutral
The timelines proposed in the amendment are unreasonable.,Negative
Is online submission mandatory for the amendment or is offline allowed?,Neutral
the proposed scheme brings much needed clarity and transparency.,Positive
the amendment is a step backward for ease of doing business.,Negative
the new compliance framework will reduce the compliance burden significantly.,Positive
Is the proposed scheme applicable to partnership firms as well?,Neutral
the revised procedure will boost investor confidence in the sector.,Positive
the licensing framework will boost investor confidence in the sector.,Positive
the proposed amendment is a step backward for ease of doing business.,Negative
The compliance calendar is unrealistic given our resources.,Negative
this rule will save businesses a lot of time and cost.,Positive
This is an excellent move that will benefit MSMEs.,Positive
Please clarify which entities are covered under the licensing framework.,Neutral
Is there a helpline for queries related to this initiative?,Neutral
Please clarify the definition of small business under this notification.,Neutral
Is the new registration process applicable to partnership firms as well?,Neutral
"I am against the draft policy, the penalties proposed are too harsh.",Negative
"This is a welcome change, this rule is exactly what was needed.",Positive
This process is broken and this notification makes it even worse.,Negative
"I strongly oppose the proposed scheme, it adds unnecessary burden.",Negative
this circular is a step backward for ease of doing business.,Negative
the proposed reform is well drafted and addresses real industry concerns.,Positive
"I am against the revised procedure, the penalties proposed are too harsh.",Negative
"Very happy to see the draft policy, it will encourage entrepreneurship.",Positive
"I fully support this initiative, it is a step in the right direction.",Positive
Can the deadline for the amendment be extended by a few months?,Neutral
Kindly clarify the penalty structure mentioned in this policy.,Neutral
the draft guideline will increase compliance costs without any real benefit.,Negative
Can you provide more details on the applicability of the new filing requirement?,Neutral
"Very happy to see the new compliance framework, it will encourage entrepreneurship.",Positive
this regulation is impractical and needs to be withdrawn immediately.,Negative
"I am disappointed with this circular, it does not solve the actual problem.",Negative
the draft policy will boost investor confidence in the sector.,Positive
the draft guideline will reduce the compliance burden significantly.,Positive
Can you provide more details on the applicability of the draft policy?,Neutral
the new registration process brings much needed clarity and transparency.,Positive
How does the new registration process apply to companies registered outside India?,Neutral
Is there a helpline for queries related to the amendment?,Neutral
this regulation is well drafted and addresses real industry concerns.,Positive
This process is broken and this policy makes it even worse.,Negative
Is there a transition period before the new compliance framework becomes mandatory?,Neutral
"Very happy to see the licensing framework, it will encourage entrepreneurship.",Positive
Is there a transition period before the draft guideline becomes mandatory?,Neutral
The compliance cost under this initiative is simply unaffordable.,Negative
this circular makes compliance much easier for startups.,Positive
this notification is well drafted and addresses real industry concerns.,Positive
the proposed amendment will make life easier for compliance officers.,Positive
"I strongly oppose this regulation, it adds unnecessary burden.",Negative
"Very happy to see this policy, it will encourage entrepreneurship.",Positive
Kindly share the FAQ document related to this rule.,Neutral
the revised procedure will increase litigation and disputes unnecessarily.,Negative
the draft guideline imposes excessive paperwork on businesses.,Negative
the proposed reform is a positive step towards ease of doing business.,Positive
"Kudos to the department for the proposed reform, very well thought out.",Positive
"Very happy to see this regulation, it will encourage entrepreneurship.",Positive
this policy makes compliance much easier for startups.,Positive
Kindly share the FAQ document related to this notification.,Neutral
This will create more red tape instead of reducing it.,Negative
the draft policy will greatly help small businesses grow.,Positive
the licensing framework makes compliance much easier for startups.,Positive
Where can we submit our comments regarding the new filing requirement?,Neutral
this policy is a step backward for ease of doing business.,Negative
the amendment is progressive and forward looking.,Positive
Is this regulation applicable to partnership firms as well?,Neutral
Can the deadline for this notification be extended by a few months?,Neutral
Kindly share the FAQ document related to the revised procedure.,Neutral
"I strongly oppose the new compliance framework, it adds unnecessary burden.",Negative
the proposed scheme imposes excessive paperwork on businesses.,Negative
Can the deadline for the proposed reform be extended by a few months?,Neutral
this notification imposes excessive paperwork on businesses.,Negative
the licensing framework is confusing and difficult to implement.,Negative
What are the reporting requirements introduced under the draft guideline?,Neutral
the new registration process improves transparency and accountability significantly.,Positive
Is the new compliance framework applicable to partnership firms as well?,Neutral
"Kudos to the department for the draft guideline, very well thought out.",Positive
the compliance process imposes excessive paperwork on businesses.,Negative
Please provide a sample format for the forms required under the proposed reform.,Neutral
the proposed reform lacks clarity and will lead to harassment by officials.,Negative
Is there a transition period before this circular becomes mandatory?,Neutral
Please clarify the definition of small business under the proposed amendment.,Neutral
this policy is too complicated and expensive for small businesses.,Negative
Is this initiative applicable to partnership firms as well?,Neutral
Can you provide more details on the applicability of the compliance process?,Neutral
Please confirm whether the compliance process replaces the earlier circular.,Neutral
"I am against the compliance process, the penalties proposed are too harsh.",Negative
"Great initiative, the revised procedure addresses long standing industry demands.",Positive
the licensing framework is impractical and needs to be withdrawn immediately.,Negative
this notification is impractical and needs to be withdrawn immediately.,Negative
the new compliance framework will increase litigation and disputes unnecessarily.,Negative
This is an excellent move that will benefit MSMEs.,Positive
the revised procedure imposes excessive paperwork on businesses.,Negative
Please clarify which entities are covered under this notification.,Neutral
"I fully support the proposed reform, it is a step in the right direction.",Positive
I appreciate the ministry for introducing the amendment.,Positive
the amendment will increase compliance costs without any real benefit.,Negative
Please provide a sample format for the forms required under this notification.,Neutral
the draft guideline will hurt small and medium enterprises badly.,Negative
What is the effective date for this regulation?,Neutral
"this rule is vague, ambiguous, and open to misuse.",Negative
The compliance cost under the amendment is simply unaffordable.,Negative
This process is broken and the proposed amendment makes it even worse.,Negative
the new compliance framework imposes excessive paperwork on businesses.,Negative
The compliance cost under the proposed reform is simply unaffordable.,Negative
This is a poorly drafted policy that ignores ground realities.,Negative
Please clarify which entities are covered under this circular.,Neutral
What is the process to seek an exemption under the draft policy?,Neutral
Please list the documents needed for the annual return.,Neutral
"This is a welcome change, this notification is exactly what was needed.",Positive
"the draft policy is vague, ambiguous, and open to misuse.",Negative
This is an excellent move that will benefit MSMEs.,Positive
Please clarify which entities are covered under this regulation.,Neutral
"I am disappointed with this initiative, it does not solve the actual problem.",Negative
What are the reporting requirements introduced under the licensing framework?,Neutral
the draft guideline will boost investor confidence in the sector.,Positive
the draft policy improves transparency and accountability significantly.,Positive
the revised procedure will increase compliance costs without any real benefit.,Negative
the compliance process will hurt small and medium enterprises badly.,Negative
the revised procedure lacks clarity and will lead to harassment by officials.,Negative
the new compliance framework is progressive and forward looking.,Positive
the new filing requirement is a positive step towards ease of doing business.,Positive
Can you provide more details on the applicability of this regulation?,Neutral
this initiative is too complicated and expensive for small businesses.,Negative
this notification is too complicated and expensive for small businesses.,Negative
Please clarify the definition of small business under this initiative.,Neutral
"the proposed reform is vague, ambiguous, and open to misuse.",Negative
the draft guideline is impractical and needs to be withdrawn immediately.,Negative
the compliance process brings much needed clarity and transparency.,Positive
Can the deadline for this regulation be extended by a few months?,Neutral
Requesting a public hearing before the proposed scheme is finalized.,Neutral
"this notification is vague, ambiguous, and open to misuse.",Negative
the proposed reform is progressive and forward looking.,Positive
this initiative strikes a good balance between regulation and growth.,Positive
Please provide a sample format for the forms required under the new registration process.,Neutral
the new filing requirement is too complicated and expensive for small businesses.,Negative
Kindly share the FAQ document related to the amendment.,Neutral
the new registration process will increase compliance costs without any real benefit.,Negative
"I am disappointed with this notification, it does not solve the actual problem.",Negative
Is there a transition period before the licensing framework becomes mandatory?,Neutral
"I fully support the new registration process, it is a step in the right direction.",Positive
This is an excellent move that will benefit MSMEs.,Positive
"This is a welcome change, this circular is exactly what was needed.",Positive
This will create more red tape instead of reducing it.,Negative
the new filing requirement will boost investor confidence in the sector.,Positive
What is the effective date for the proposed reform?,Neutral
Kindly clarify the penalty structure mentioned in the new compliance framework.,Neutral
"Kudos to the department for the licensing framework, very well thought out.",Positive
this rule simplifies the registration process considerably.,Positive
the amendment does not take stakeholder feedback into account at all.,Negative
The penalty amounts are disproportionate to the violation.,Negative
The timelines proposed in this circular are unreasonable.,Negative
What is the effective date for the new filing requirement?,Neutral
Please provide a sample format for the forms required under the amendment.,Neutral
What is the process to seek an exemption under the revised procedure?,Neutral
"The compliance portal keeps crashing, this is very frustrating.",Negative
the proposed scheme will increase compliance costs without any real benefit.,Negative
this rule will increase compliance costs without any real benefit.,Negative
"this initiative is vague, ambiguous, and open to misuse.",Negative
this regulation strikes a good balance between regulation and growth.,Positive
Is online submission mandatory for the draft guideline or is offline allowed?,Neutral
the new registration process is unfair to smaller companies compared to large corporations.,Negative
the compliance process will increase compliance costs without any real benefit.,Negative
"I fully support the proposed scheme, it is a step in the right direction.",Positive
this initiative brings much needed clarity and transparency.,Positive
Is there a helpline for queries related to the proposed amendment?,Neutral
"this regulation is vague, ambiguous, and open to misuse.",Negative
the revised procedure will make life easier for compliance officers.,Positive
What is the process to seek an exemption under this circular?,Neutral
The timelines proposed in the proposed reform are unreasonable.,Negative
the proposed reform strikes a good balance between regulation and growth.,Positive
"the amendment is vague, ambiguous, and open to misuse.",Negative
This process is broken and the licensing framework makes it even worse.,Negative
this circular simplifies the registration process considerably.,Positive
this initiative will increase litigation and disputes unnecessarily.,Negative
This is an excellent move that will benefit MSMEs.,Positive
Please share the documents required to comply with the new filing requirement.,Neutral
"I strongly oppose the proposed amendment, it adds unnecessary burden.",Negative
What is the process to seek an exemption under this regulation?,Neutral
"Kudos to the department for the new compliance framework, very well thought out.",Positive
the compliance process will save businesses a lot of time and cost.,Positive
the compliance process is progressive and forward looking.,Positive
This adds yet another layer of bureaucracy to an already slow system.,Negative
Kindly share the FAQ document related to this policy.,Neutral
Is there a helpline for queries related to the revised procedure?,Neutral
this rule will greatly help small businesses grow.,Positive
this circular is a positive step towards ease of doing business.,Positive
Please clarify the definition of small business under this rule.,Neutral
"This is a welcome change, the new registration process is exactly what was needed.",Positive
the new filing requirement lacks clarity and will lead to harassment by officials.,Negative
Requesting a public hearing before this initiative is finalized.,Neutral
The timelines proposed in the revised procedure are unreasonable.,Negative
Is there a helpline for queries related to this regulation?,Neutral
the proposed amendment will boost investor confidence in the sector.,Positive
the amendment is a positive step towards ease of doing business.,Positive
What is the process to seek an exemption under this rule?,Neutral
"Great initiative, the new compliance framework addresses long standing industry demands.",Positive
We were not given enough time to respond to this draft.,Negative
Can you provide more details on the applicability of this rule?,Neutral
"Very happy to see the revised procedure, it will encourage entrepreneurship.",Positive
The compliance cost under the draft guideline is simply unaffordable.,Negative
this initiative is unfair to smaller companies compared to large corporations.,Negative
The timelines proposed in this notification are unreasonable.,Negative
Where can we submit our comments regarding this rule?,Neutral
"I fully support the proposed amendment, it is a step in the right direction.",Positive
This is an excellent move that will benefit MSMEs.,Positive
Is online submission mandatory for this rule or is offline allowed?,Neutral
this circular will save businesses a lot of time and cost.,Positive
What is the process to seek an exemption under the new registration process?,Neutral
Kindly clarify the penalty structure mentioned in the proposed amendment.,Neutral
this regulation is too complicated and expensive for small businesses.,Negative
Can the deadline for the licensing framework be extended by a few months?,Neutral
"Great initiative, the proposed scheme addresses long standing industry demands.",Positive
Kindly clarify the penalty structure mentioned in this initiative.,Neutral
The compliance cost under the draft policy is simply unaffordable.,Negative
Can you provide more details on the applicability of this policy?,Neutral
the amendment is too complicated and expensive for small businesses.,Negative
the new registration process is too complicated and expensive for small businesses.,Negative
the draft guideline improves transparency and accountability significantly.,Positive
the proposed reform will reduce the compliance burden significantly.,Positive
the proposed scheme will save businesses a lot of time and cost.,Positive
Can the deadline for this policy be extended by a few months?,Neutral
"I am against this initiative, the penalties proposed are too harsh.",Negative
"I am disappointed with this rule, it does not solve the actual problem.",Negative
this circular will increase litigation and disputes unnecessarily.,Negative
Will the proposed amendment apply retrospectively or only going forward?,Neutral
Is this circular applicable to partnership firms as well?,Neutral
Is there a transition period before the compliance process becomes mandatory?,Neutral
this initiative does not take stakeholder feedback into account at all.,Negative
the revised procedure is well drafted and addresses real industry concerns.,Positive
The compliance cost under this rule is simply unaffordable.,Negative
"I am disappointed with the new filing requirement, it does not solve the actual problem.",Negative
This is a poorly drafted policy that ignores ground realities.,Negative
This will create more red tape instead of reducing it.,Negative
Is there a transition period before the proposed amendment becomes mandatory?,Neutral
the compliance process is impractical and needs to be withdrawn immediately.,Negative
How does this rule apply to companies registered outside India?,Neutral
the proposed amendment makes compliance much easier for startups.,Positive
Is online submission mandatory for the revised procedure or is offline allowed?,Neutral
this initiative makes compliance much easier for startups.,Positive
"Kudos to the department for the proposed scheme, very well thought out.",Positive
the compliance process is a step backward for ease of doing business.,Negative
this initiative is a positive step towards ease of doing business.,Positive
the proposed scheme makes compliance much easier for startups.,Positive
this regulation imposes excessive paperwork on businesses.,Negative
"I strongly oppose the compliance process, it adds unnecessary burden.",Negative
this rule is a step backward for ease of doing business.,Negative
"I am against this regulation, the penalties proposed are too harsh.",Negative
Is online submission mandatory for this policy or is offline allowed?,Neutral
this regulation simplifies the registration process considerably.,Positive
Will this policy apply retrospectively or only going forward?,Neutral
Please clarify which entities are covered under this rule.,Neutral
Requesting a public hearing before this regulation is finalized.,Neutral
the licensing framework will increase litigation and disputes unnecessarily.,Negative
"I strongly oppose the licensing framework, it adds unnecessary burden.",Negative
the proposed amendment is confusing and difficult to implement.,Negative
This is a poorly drafted policy that ignores ground realities.,Negative
the draft policy is progressive and forward looking.,Positive
Where can we submit our comments regarding the proposed scheme?,Neutral
the compliance process is a positive step towards ease of doing business.,Positive
the proposed scheme will hurt small and medium enterprises badly.,Negative
the new filing requirement is a step backward for ease of doing business.,Negative
the draft guideline is unfair to smaller companies compared to large corporations.,Negative
What are the reporting requirements introduced under this regulation?,Neutral
the proposed amendment strikes a good balance between regulation and growth.,Positive
Can you provide more details on the applicability of the licensing framework?,Neutral
Please provide a sample format for the forms required under this regulation.,Neutral
Is there a transition period before the amendment becomes mandatory?,Neutral
Where can we submit our comments regarding this initiative?,Neutral
This is a poorly drafted policy that ignores ground realities.,Negative
"I am against the proposed amendment, the penalties proposed are too harsh.",Negative
Is the proposed reform applicable to partnership firms as well?,Neutral
Please share the documents required to comply with the amendment.,Neutral
Can the deadline for the draft guideline be extended by a few months?,Neutral
The self-certification option is a great relief for us.,Positive
the proposed scheme does not take stakeholder feedback into account at all.,Negative
The single window clearance idea is fantastic.,Positive
What is the process to seek an exemption under the proposed scheme?,Neutral
the compliance process strikes a good balance between regulation and growth.,Positive
this circular will reduce the compliance burden significantly.,Positive
What are the reporting requirements introduced under the proposed scheme?,Neutral
I appreciate the ministry for introducing this notification.,Positive
Where can we submit our comments regarding the new compliance framework?,Neutral
Kindly clarify the penalty structure mentioned in this notification.,Neutral
this policy will make life easier for compliance officers.,Positive
the revised procedure is a positive step towards ease of doing business.,Positive
the new compliance framework lacks clarity and will lead to harassment by officials.,Negative
the new filing requirement will greatly help small businesses grow.,Positive
the draft policy imposes excessive paperwork on businesses.,Negative
the new registration process is progressive and forward looking.,Positive
the new registration process imposes excessive paperwork on businesses.,Negative
the revised procedure is confusing and difficult to implement.,Negative
This will create more red tape instead of reducing it.,Negative
Please confirm whether this initiative replaces the earlier circular.,Neutral
this circular lacks clarity and will lead to harassment by officials.,Negative
This will create more red tape instead of reducing it.,Negative
this notification will boost investor confidence in the sector.,Positive
the draft policy is too complicated and expensive for small businesses.,Negative
What is the process to seek an exemption under the amendment?,Neutral
the compliance process will boost investor confidence in the sector.,Positive
I appreciate the ministry for introducing the draft policy.,Positive
This is a poorly drafted policy that ignores ground realities.,Negative
Can you provide more details on the applicability of the revised procedure?,Neutral
Please clarify which entities are covered under this initiative.,Neutral
"I strongly oppose the new registration process, it adds unnecessary burden.",Negative
Please clarify the definition of small business under this circular.,Neutral
Please provide a sample format for the forms required under the proposed amendment.,Neutral
the draft policy is a step backward for ease of doing business.,Negative
What is the effective date for this rule?,Neutral
Please share the documents required to comply with the licensing framework.,Neutral
"Great initiative, this rule addresses long standing industry demands.",Positive
The compliance cost under the proposed amendment is simply unaffordable.,Negative
this policy will hurt small and medium enterprises badly.,Negative
What are the reporting requirements introduced under this circular?,Neutral
the revised procedure will greatly help small businesses grow.,Positive
the new filing requirement will make life easier for compliance officers.,Positive
"Great initiative, the licensing framework addresses long standing industry demands.",Positive
the compliance process will increase litigation and disputes unnecessarily.,Negative
the proposed reform will hurt small and medium enterprises badly.,Negative
This will create more red tape instead of reducing it.,Negative
Is there a transition period before this initiative becomes mandatory?,Neutral
This is a poorly drafted policy that ignores ground realities.,Negative
This process is broken and the compliance process makes it even worse.,Negative
the proposed reform makes compliance much easier for startups.,Positive
Will the new compliance framework apply retrospectively or only going forward?,Neutral
the draft guideline strikes a good balance between regulation and growth.,Positive
the new registration process will boost investor confidence in the sector.,Positive
Is there a transition period before the new filing requirement becomes mandatory?,Neutral
The compliance cost under the revised procedure is simply unaffordable.,Negative
I appreciate the ministry for introducing the new filing requirement.,Positive
Please provide a sample format for the forms required under the licensing framework.,Neutral
This will create more red tape instead of reducing it.,Negative
the new compliance framework is too complicated and expensive for small businesses.,Negative
this rule will reduce the compliance burden significantly.,Positive
the proposed reform will make life easier for compliance officers.,Positive
What is the effective date for the draft policy?,Neutral
Requesting a public hearing before this rule is finalized.,Neutral
the draft guideline is a step backward for ease of doing business.,Negative
Please clarify which entities are covered under the proposed amendment.,Neutral
"I fully support the compliance process, it is a step in the right direction.",Positive
this rule will boost investor confidence in the sector.,Positive
How many days are given to respond to a deficiency notice?,Neutral
the new registration process does not take stakeholder feedback into account at all.,Negative
this notification is a positive step towards ease of doing business.,Positive
the proposed reform simplifies the registration process considerably.,Positive
this circular brings much needed clarity and transparency.,Positive
Is online submission mandatory for the compliance process or is offline allowed?,Neutral
the compliance process is too complicated and expensive for small businesses.,Negative
the proposed reform will increase litigation and disputes unnecessarily.,Negative
What is the process to seek an exemption under the new compliance framework?,Neutral
the new filing requirement simplifies the registration process considerably.,Positive
Can you provide more details on the applicability of the new registration process?,Neutral
the new filing requirement improves transparency and accountability significantly.,Positive
Will the new filing requirement apply retrospectively or only going forward?,Neutral
"This is a welcome change, the new filing requirement is exactly what was needed.",Positive
the proposed amendment will increase compliance costs without any real benefit.,Negative
"I strongly oppose the new filing requirement, it adds unnecessary burden.",Negative
What are the reporting requirements introduced under this rule?,Neutral
This will definitely improve our ease of doing business ranking.,Positive
This process is broken and this regulation makes it even worse.,Negative
this policy simplifies the registration process considerably.,Positive
"I strongly oppose this rule, it adds unnecessary burden.",Negative
"This is a welcome change, the proposed reform is exactly what was needed.",Positive
the revised procedure will hurt small and medium enterprises badly.,Negative
"the revised procedure is vague, ambiguous, and open to misuse.",Negative
this policy is a positive step towards ease of doing business.,Positive
this rule will hurt small and medium enterprises badly.,Negative
the draft guideline is confusing and difficult to implement.,Negative
this circular is impractical and needs to be withdrawn immediately.,Negative
How does this circular apply to companies registered outside India?,Neutral
"Kudos to the department for this policy, very well thought out.",Positive
Please provide a sample format for the forms required under the proposed scheme.,Neutral
the revised procedure simplifies the registration process considerably.,Positive
this initiative will hurt small and medium enterprises badly.,Negative
the draft policy brings much needed clarity and transparency.,Positive
Where can we submit our comments regarding this regulation?,Neutral
Please share the documents required to comply with the compliance process.,Neutral
"I am disappointed with the new registration process, it does not solve the actual problem.",Negative
this policy will save businesses a lot of time and cost.,Positive
What are the reporting requirements introduced under the new registration process?,Neutral
Kindly share the FAQ document related to the compliance process.,Neutral
"this policy is vague, ambiguous, and open to misuse.",Negative
the compliance process will greatly help small businesses grow.,Positive
This process is broken and the amendment makes it even worse.,Negative
the amendment strikes a good balance between regulation and growth.,Positive
"I am against the draft guideline, the penalties proposed are too harsh.",Negative
the proposed amendment is impractical and needs to be withdrawn immediately.,Negative
Requesting a public hearing before the draft guideline is finalized.,Neutral
I appreciate the ministry for introducing the new compliance framework.,Positive
This is a poorly drafted policy that ignores ground realities.,Negative
Requesting a public hearing before the new compliance framework is finalized.,Neutral
Is there a helpline for queries related to the new compliance framework?,Neutral
Is there a transition period before the draft policy becomes mandatory?,Neutral
Please clarify which entities are covered under the new compliance framework.,Neutral
"I fully support the licensing framework, it is a step in the right direction.",Positive
the proposed reform does not take stakeholder feedback into account at all.,Negative
"Very happy to see this rule, it will encourage entrepreneurship.",Positive
Where can we submit our comments regarding this policy?,Neutral
Where can we submit our comments regarding the new registration process?,Neutral
the licensing framework improves transparency and accountability significantly.,Positive
Please share the documents required to comply with the proposed scheme.,Neutral
How does the compliance process apply to companies registered outside India?,Neutral
the new compliance framework will make life easier for compliance officers.,Positive
This will create more red tape instead of reducing it.,Negative
"Great initiative, the proposed amendment addresses long standing industry demands.",Positive
the new filing requirement will reduce the compliance burden significantly.,Positive
the licensing framework is a positive step towards ease of doing business.,Positive
Will this circular apply retrospectively or only going forward?,Neutral
the new registration process will increase litigation and disputes unnecessarily.,Negative
Is online submission mandatory for the proposed scheme or is offline allowed?,Neutral
the proposed amendment lacks clarity and will lead to harassment by officials.,Negative
the revised procedure is a step backward for ease of doing business.,Negative
Is online submission mandatory for the draft policy or is offline allowed?,Neutral
"Kudos to the department for the compliance process, very well thought out.",Positive
This process is broken and the new filing requirement makes it even worse.,Negative
This process is broken and the new registration process makes it even worse.,Negative
"Great initiative, the compliance process addresses long standing industry demands.",Positive
the compliance process improves transparency and accountability significantly.,Positive
Please clarify the definition of small business under the licensing framework.,Neutral
this regulation lacks clarity and will lead to harassment by officials.,Negative
This is a poorly drafted policy that ignores ground realities.,Negative
the proposed amendment improves transparency and accountability significantly.,Positive
Does this apply to one person companies as well?,Neutral
Is there a helpline for queries related to this circular?,Neutral
This is a poorly drafted policy that ignores ground realities.,Negative
Kindly clarify the penalty structure mentioned in the compliance process.,Neutral
Kindly clarify the penalty structure mentioned in the new filing requirement.,Neutral
"the new registration process is vague, ambiguous, and open to misuse.",Negative
"Great initiative, the new filing requirement addresses long standing industry demands.",Positive
Kindly clarify the penalty structure mentioned in the licensing framework.,Neutral
Is online submission mandatory for the proposed amendment or is offline allowed?,Neutral
This is a poorly drafted policy that ignores ground realities.,Negative
the revised procedure improves transparency and accountability significantly.,Positive
Where can we submit our comments regarding the proposed amendment?,Neutral
Is the amendment applicable to partnership firms as well?,Neutral
the new compliance framework simplifies the registration process considerably.,Positive
this notification will increase litigation and disputes unnecessarily.,Negative
Please provide a sample format for the forms required under the revised procedure.,Neutral
"I am against the proposed scheme, the penalties proposed are too harsh.",Negative
Please clarify the definition of small business under this policy.,Neutral
this circular is too complicated and expensive for small businesses.,Negative
I appreciate the ministry for introducing this regulation.,Positive
the licensing framework is unfair to smaller companies compared to large corporations.,Negative
This will create more red tape instead of reducing it.,Negative
the new compliance framework will greatly help small businesses grow.,Positive
What is the process to seek an exemption under the proposed amendment?,Neutral
"the proposed scheme is vague, ambiguous, and open to misuse.",Negative
"This is a welcome change, the proposed scheme is exactly what was needed.",Positive
Please share the documents required to comply with the draft policy.,Neutral
Will the draft policy apply retrospectively or only going forward?,Neutral
Please confirm whether the proposed scheme replaces the earlier circular.,Neutral
"I am against this policy, the penalties proposed are too harsh.",Negative
This will create more red tape instead of reducing it.,Negative
the new filing requirement is confusing and difficult to implement.,Negative
Kindly clarify the penalty structure mentioned in the revised procedure.,Neutral
the licensing framework will make life easier for compliance officers.,Positive
this circular is confusing and difficult to implement.,Negative
Can the deadline for this rule be extended by a few months?,Neutral
Can you provide more details on the applicability of the new compliance framework?,Neutral
Please clarify which entities are covered under the compliance process.,Neutral
this policy will increase litigation and disputes unnecessarily.,Negative
Please confirm whether this policy replaces the earlier circular.,Neutral
Can the deadline for the proposed scheme be extended by a few months?,Neutral
"the new compliance framework is vague, ambiguous, and open to misuse.",Negative
the revised procedure makes compliance much easier for startups.,Positive
"Kudos to the department for the amendment, very well thought out.",Positive
Kindly clarify the penalty structure mentioned in this regulation.,Neutral
the proposed reform will increase compliance costs without any real benefit.,Negative
What are the reporting requirements introduced under the compliance process?,Neutral
this initiative will make life easier for compliance officers.,Positive
Is there a transition period before the revised procedure becomes mandatory?,Neutral
this initiative is well drafted and addresses real industry concerns.,Positive
Will the licensing framework apply retrospectively or only going forward?,Neutral
"Kudos to the department for this circular, very well thought out.",Positive
Is there a transition period before this policy becomes mandatory?,Neutral
this initiative will save businesses a lot of time and cost.,Positive
this rule makes compliance much easier for startups.,Positive
What format should supporting documents be uploaded in?,Neutral
this initiative is progressive and forward looking.,Positive
this rule improves transparency and accountability significantly.,Positive
the draft policy will make life easier for compliance officers.,Positive
"I am disappointed with this regulation, it does not solve the actual problem.",Negative
I appreciate the ministry for introducing this rule.,Positive
the licensing framework is progressive and forward looking.,Positive
"I am disappointed with the proposed reform, it does not solve the actual problem.",Negative
"I fully support this regulation, it is a step in the right direction.",Positive
"I strongly oppose the proposed reform, it adds unnecessary burden.",Negative
the proposed amendment brings much needed clarity and transparency.,Positive
Please confirm whether the new filing requirement replaces the earlier circular.,Neutral
Is this notification applicable to partnership firms as well?,Neutral
Kindly clarify the penalty structure mentioned in this rule.,Neutral
This is a poorly drafted policy that ignores ground realities.,Negative
"Kudos to the department for the draft policy, very well thought out.",Positive
this regulation will save businesses a lot of time and cost.,Positive
the new registration process makes compliance much easier for startups.,Positive
This is a poorly drafted policy that ignores ground realities.,Negative
the new compliance framework will save businesses a lot of time and cost.,Positive
the draft guideline is a positive step towards ease of doing business.,Positive
How does this regulation apply to companies registered outside India?,Neutral
Please share the documents required to comply with this initiative.,Neutral
the compliance process does not take stakeholder feedback into account at all.,Negative
Please confirm whether the proposed reform replaces the earlier circular.,Neutral
the amendment lacks clarity and will lead to harassment by officials.,Negative
Will the draft guideline apply retrospectively or only going forward?,Neutral
This is an excellent move that will benefit MSMEs.,Positive
How does the new filing requirement apply to companies registered outside India?,Neutral
Is the draft policy applicable to partnership firms as well?,Neutral
this rule is too complicated and expensive for small businesses.,Negative
Is online submission mandatory for this notification or is offline allowed?,Neutral
the proposed reform is too complicated and expensive for small businesses.,Negative
this notification improves transparency and accountability significantly.,Positive
"I fully support this rule, it is a step in the right direction.",Positive
the draft guideline simplifies the registration process considerably.,Positive
Great to see digitisation of the compliance process.,Positive
"Very happy to see the new registration process, it will encourage entrepreneurship.",Positive
the new registration process lacks clarity and will lead to harassment by officials.,Negative
the proposed amendment will increase litigation and disputes unnecessarily.,Negative
Please clarify which entities are covered under this policy.,Neutral
"I fully support this policy, it is a step in the right direction.",Positive
this policy lacks clarity and will lead to harassment by officials.,Negative
"Very happy to see the proposed scheme, it will encourage entrepreneurship.",Positive
How does the proposed reform apply to companies registered outside India?,Neutral
Kindly share the FAQ document related to the proposed amendment.,Neutral
Please clarify which entities are covered under the new filing requirement.,Neutral
the draft policy lacks clarity and will lead to harassment by officials.,Negative
the compliance process is confusing and difficult to implement.,Negative
this rule lacks clarity and will lead to harassment by officials.,Negative
the proposed amendment will hurt small and medium enterprises badly.,Negative
Please clarify the definition of small business under the new filing requirement.,Neutral
"This is a welcome change, the draft policy is exactly what was needed.",Positive
This process is broken and the draft guideline makes it even worse.,Negative
the new registration process simplifies the registration process considerably.,Positive
"Kudos to the department for this initiative, very well thought out.",Positive
Is this policy applicable to partnership firms as well?,Neutral
"I fully support this notification, it is a step in the right direction.",Positive
the proposed reform will boost investor confidence in the sector.,Positive
Is there a helpline for queries related to this rule?,Neutral
The compliance cost under this notification is simply unaffordable.,Negative
This is an excellent move that will benefit MSMEs.,Positive
"I fully support the draft policy, it is a step in the right direction.",Positive
Please confirm whether this regulation replaces the earlier circular.,Neutral
Please clarify the definition of small business under the compliance process.,Neutral
the proposed reform is impractical and needs to be withdrawn immediately.,Negative
Requesting a public hearing before the proposed reform is finalized.,Neutral
This process is broken and the new compliance framework makes it even worse.,Negative
I appreciate the ministry for introducing the revised procedure.,Positive
this notification will make life easier for compliance officers.,Positive
I appreciate the ministry for introducing this initiative.,Positive
"I am against the new registration process, the penalties proposed are too harsh.",Negative
"Great initiative, this policy addresses long standing industry demands.",Positive
the proposed scheme will boost investor confidence in the sector.,Positive
"Very happy to see the amendment, it will encourage entrepreneurship.",Positive
Please confirm whether the proposed amendment replaces the earlier circular.,Neutral
the new compliance framework brings much needed clarity and transparency.,Positive
the revised procedure brings much needed clarity and transparency.,Positive
this policy will boost investor confidence in the sector.,Positive
the licensing framework simplifies the registration process considerably.,Positive
This is an excellent move that will benefit MSMEs.,Positive
the proposed reform is a step backward for ease of doing business.,Negative
this policy improves transparency and accountability significantly.,Positive
What is the process to seek an exemption under the draft guideline?,Neutral
this initiative is a step backward for ease of doing business.,Negative
the proposed scheme will greatly help small businesses grow.,Positive
Please confirm whether the draft guideline replaces the earlier circular.,Neutral
Kindly clarify the penalty structure mentioned in the amendment.,Neutral
"I am against the new filing requirement, the penalties proposed are too harsh.",Negative
this regulation improves transparency and accountability significantly.,Positive
the draft policy is unfair to smaller companies compared to large corporations.,Negative
Where can we submit our comments regarding the draft policy?,Neutral
Please share the documents required to comply with this policy.,Neutral
"Great initiative, this regulation addresses long standing industry demands.",Positive
"I strongly oppose this policy, it adds unnecessary burden.",Negative
the draft policy strikes a good balance between regulation and growth.,Positive
Can you provide more details on the applicability of the proposed reform?,Neutral
the amendment will make life easier for compliance officers.,Positive
The extended timeline for compliance is much appreciated.,Positive
What is the effective date for the compliance process?,Neutral
the new filing requirement is impractical and needs to be withdrawn immediately.,Negative
Is there a helpline for queries related to the draft policy?,Neutral
the revised procedure is unfair to smaller companies compared to large corporations.,Negative
this regulation will reduce the compliance burden significantly.,Positive
This is an excellent move that will benefit MSMEs.,Positive
The timelines proposed in this policy are unreasonable.,Negative
this rule does not take stakeholder feedback into account at all.,Negative
Kindly share the FAQ document related to the proposed reform.,Neutral
this notification will greatly help small businesses grow.,Positive
the proposed amendment will reduce the compliance burden significantly.,Positive
What is the effective date for this circular?,Neutral
"I am disappointed with this policy, it does not solve the actual problem.",Negative
the new compliance framework improves transparency and accountability significantly.,Positive
This process is broken and this circular makes it even worse.,Negative
Can the deadline for this circular be extended by a few months?,Neutral
the proposed scheme simplifies the registration process considerably.,Positive
this notification will increase compliance costs without any real benefit.,Negative
Is there a helpline for queries related to this notification?,Neutral
the revised procedure strikes a good balance between regulation and growth.,Positive
Please share the documents required to comply with the new registration process.,Neutral
Please clarify which entities are covered under the proposed reform.,Neutral
Please provide a sample format for the forms required under the compliance process.,Neutral
Thank you for considering feedback from small business owners.,Positive
"This is a welcome change, the amendment is exactly what was needed.",Positive
this initiative improves transparency and accountability significantly.,Positive
This will create more red tape instead of reducing it.,Negative
The timelines proposed in the proposed amendment are unreasonable.,Negative
What are the reporting requirements introduced under the revised procedure?,Neutral
the new registration process is a step backward for ease of doing business.,Negative
Is online submission mandatory for the new registration process or is offline allowed?,Neutral
the licensing framework will reduce the compliance burden significantly.,Positive
the draft guideline does not take stakeholder feedback into account at all.,Negative
"I fully support the draft guideline, it is a step in the right direction.",Positive
the new filing requirement will increase litigation and disputes unnecessarily.,Negative
Requesting a public hearing before this policy is finalized.,Neutral
"This is a welcome change, this policy is exactly what was needed.",Positive
The timelines proposed in the new registration process are unreasonable.,Negative
the new filing requirement brings much needed clarity and transparency.,Positive
this initiative will increase compliance costs without any real benefit.,Negative
this rule strikes a good balance between regulation and growth.,Positive
The compliance cost under the new registration process is simply unaffordable.,Negative
Please provide a sample format for the forms required under this circular.,Neutral
the amendment will increase litigation and disputes unnecessarily.,Negative
Can the deadline for the compliance process be extended by a few months?,Neutral
the revised procedure will save businesses a lot of time and cost.,Positive
the revised procedure will reduce the compliance burden significantly.,Positive
the draft policy is impractical and needs to be withdrawn immediately.,Negative
Please clarify the definition of small business under the amendment.,Neutral
Is the proposed amendment applicable to partnership firms as well?,Neutral
Is online submission mandatory for the new compliance framework or is offline allowed?,Neutral
the revised procedure is impractical and needs to be withdrawn immediately.,Negative
the proposed amendment imposes excessive paperwork on businesses.,Negative
What are the reporting requirements introduced under the proposed reform?,Neutral
Kindly clarify the penalty structure mentioned in the proposed scheme.,Neutral
the draft guideline is well drafted and addresses real industry concerns.,Positive
the amendment improves transparency and accountability significantly.,Positive
Can you provide more details on the applicability of this notification?,Neutral
Kindly clarify the penalty structure mentioned in this circular.,Neutral
the amendment is unfair to smaller companies compared to large corporations.,Negative
What is the effective date for the amendment?,Neutral
The timelines proposed in this initiative are unreasonable.,Negative
Can the deadline for the new filing requirement be extended by a few months?,Neutral
this rule is progressive and forward looking.,Positive
"Great initiative, the amendment addresses long standing industry demands.",Positive
Kindly clarify the penalty structure mentioned in the draft guideline.,Neutral
"Very happy to see the new filing requirement, it will encourage entrepreneurship.",Positive
this circular imposes excessive paperwork on businesses.,Negative
Requesting a public hearing before the new filing requirement is finalized.,Neutral
the licensing framework is a step backward for ease of doing business.,Negative
Is online submission mandatory for the proposed reform or is offline allowed?,Neutral
What is the effective date for the revised procedure?,Neutral
"the licensing framework is vague, ambiguous, and open to misuse.",Negative
Will this regulation apply retrospectively or only going forward?,Neutral
Kindly share the FAQ document related to the new compliance framework.,Neutral
the amendment will hurt small and medium enterprises badly.,Negative
Is there a transition period before the proposed reform becomes mandatory?,Neutral
this regulation will increase compliance costs without any real benefit.,Negative
the proposed amendment will greatly help small businesses grow.,Positive
"I strongly oppose the revised procedure, it adds unnecessary burden.",Negative
this rule is a positive step towards ease of doing business.,Positive
Please provide a sample format for the forms required under the new filing requirement.,Neutral
the new filing requirement will increase compliance costs without any real benefit.,Negative
the proposed amendment is progressive and forward looking.,Positive
this rule imposes excessive paperwork on businesses.,Negative
Please provide a sample format for the forms required under the draft guideline.,Neutral
Will the revised procedure apply retrospectively or only going forward?,Neutral
the proposed scheme is a positive step towards ease of doing business.,Positive
the proposed scheme strikes a good balance between regulation and growth.,Positive
Can you provide more details on the applicability of the amendment?,Neutral
This is an excellent move that will benefit MSMEs.,Positive
the amendment will greatly help small businesses grow.,Positive
the proposed reform is unfair to smaller companies compared to large corporations.,Negative
the new compliance framework is a step backward for ease of doing business.,Negative
Can the application be withdrawn after submission?,Neutral
Kindly clarify the penalty structure mentioned in the proposed reform.,Neutral
Please share the contact details of the nodal officer.,Neutral
this regulation will hurt small and medium enterprises badly.,Negative
the compliance process will reduce the compliance burden significantly.,Positive
Requesting a public hearing before this notification is finalized.,Neutral
"I am disappointed with the compliance process, it does not solve the actual problem.",Negative
Please provide a sample format for the forms required under this rule.,Neutral
the new registration process will save businesses a lot of time and cost.,Positive
Please confirm whether the licensing framework replaces the earlier circular.,Neutral
this initiative simplifies the registration process considerably.,Positive
this notification will hurt small and medium enterprises badly.,Negative
Is the licensing framework applicable to partnership firms as well?,Neutral
Will this notification apply retrospectively or only going forward?,Neutral
the draft policy will save businesses a lot of time and cost.,Positive
"This is a welcome change, the proposed amendment is exactly what was needed.",Positive
this regulation brings much needed clarity and transparency.,Positive
How does this notification apply to companies registered outside India?,Neutral
the compliance process will make life easier for compliance officers.,Positive
What is the effective date for the new registration process?,Neutral
the draft policy will increase compliance costs without any real benefit.,Negative
the proposed scheme is well drafted and addresses real industry concerns.,Positive
This is an excellent move that will benefit MSMEs.,Positive
This process is broken and the proposed reform makes it even worse.,Negative
this regulation is a step backward for ease of doing business.,Negative
This move shows the government is listening to industry needs.,Positive
the new compliance framework is well drafted and addresses real industry concerns.,Positive
What is the effective date for the proposed scheme?,Neutral
"I am disappointed with the revised procedure, it does not solve the actual problem.",Negative
This is a poorly drafted policy that ignores ground realities.,Negative
Is there a transition period before this notification becomes mandatory?,Neutral
the proposed amendment is too complicated and expensive for small businesses.,Negative
this notification is confusing and difficult to implement.,Negative
the proposed scheme is a step backward for ease of doing business.,Negative
This is an excellent move that will benefit MSMEs.,Positive
This is an excellent move that will benefit MSMEs.,Positive
the new filing requirement will save businesses a lot of time and cost.,Positive
This is a poorly drafted policy that ignores ground realities.,Negative
Can the deadline for this initiative be extended by a few months?,Neutral
Where can we submit our comments regarding the draft guideline?,Neutral
Is there a helpline for queries related to the licensing framework?,Neutral
the new filing requirement strikes a good balance between regulation and growth.,Positive
"I am disappointed with the draft policy, it does not solve the actual problem.",Negative
The timelines proposed in the new filing requirement are unreasonable.,Negative
The timelines proposed in the proposed scheme are unreasonable.,Negative
Requesting a public hearing before the compliance process is finalized.,Neutral
Small vendors will simply not be able to afford this.,Negative
Is there a transition period before the new registration process becomes mandatory?,Neutral
this regulation is progressive and forward looking.,Positive
Can the deadline for the new registration process be extended by a few months?,Neutral
The compliance cost under the new compliance framework is simply unaffordable.,Negative
What are the reporting requirements introduced under this initiative?,Neutral
this notification strikes a good balance between regulation and growth.,Positive
This will create more red tape instead of reducing it.,Negative
Please confirm whether the new compliance framework replaces the earlier circular.,Neutral
"Kudos to the department for the new filing requirement, very well thought out.",Positive
the new filing requirement makes compliance much easier for startups.,Positive
the amendment is well drafted and addresses real industry concerns.,Positive
this policy strikes a good balance between regulation and growth.,Positive
this rule is well drafted and addresses real industry concerns.,Positive
Kindly share the FAQ document related to the licensing framework.,Neutral
Please clarify which entities are covered under the draft guideline.,Neutral
this policy will reduce the compliance burden significantly.,Positive
the new registration process will greatly help small businesses grow.,Positive
this notification is progressive and forward looking.,Positive
What is the process to seek an exemption under the compliance process?,Neutral
the new compliance framework strikes a good balance between regulation and growth.,Positive
this notification lacks clarity and will lead to harassment by officials.,Negative
the proposed scheme will increase litigation and disputes unnecessarily.,Negative
this regulation makes compliance much easier for startups.,Positive
the draft guideline will make life easier for compliance officers.,Positive
Please confirm whether this notification replaces the earlier circular.,Neutral
the new filing requirement is progressive and forward looking.,Positive
"This is a welcome change, the new compliance framework is exactly what was needed.",Positive
the amendment brings much needed clarity and transparency.,Positive
this circular will hurt small and medium enterprises badly.,Negative
This will create more red tape instead of reducing it.,Negative
the draft policy is confusing and difficult to implement.,Negative
Please clarify the definition of small business under the draft policy.,Neutral
This process is broken and this initiative makes it even worse.,Negative
The compliance cost under this regulation is simply unaffordable.,Negative
What are the reporting requirements introduced under this notification?,Neutral
the proposed reform improves transparency and accountability significantly.,Positive
Please clarify which entities are covered under the revised procedure.,Neutral
I appreciate the ministry for introducing the new registration process.,Positive
"the draft guideline is vague, ambiguous, and open to misuse.",Negative
Is online submission mandatory for the licensing framework or is offline allowed?,Neutral
What are the reporting requirements introduced under the proposed amendment?,Neutral
Please clarify the definition of small business under the proposed reform.,Neutral
this policy is progressive and forward looking.,Positive
the new compliance framework is confusing and difficult to implement.,Negative
"I am against this notification, the penalties proposed are too harsh.",Negative
What is the process to seek an exemption under the licensing framework?,Neutral
this policy is unfair to smaller companies compared to large corporations.,Negative
the new compliance framework will boost investor confidence in the sector.,Positive
the new registration process is a positive step towards ease of doing business.,Positive
the draft guideline lacks clarity and will lead to harassment by officials.,Negative
this policy imposes excessive paperwork on businesses.,Negative
this notification is a step backward for ease of doing business.,Negative
the compliance process simplifies the registration process considerably.,Positive
the proposed amendment simplifies the registration process considerably.,Positive
Please share the documents required to comply with the revised procedure.,Neutral
the compliance process is unfair to smaller companies compared to large corporations.,Negative
Is online submission mandatory for the new filing requirement or is offline allowed?,Neutral
the draft policy is well drafted and addresses real industry concerns.,Positive
Kindly clarify the penalty structure mentioned in the new registration process.,Neutral
the licensing framework imposes excessive paperwork on businesses.,Negative
What is the effective date for the licensing framework?,Neutral
the amendment will reduce the compliance burden significantly.,Positive
the proposed scheme will reduce the compliance burden significantly.,Positive
The timelines proposed in the draft guideline are unreasonable.,Negative
Please clarify the definition of small business under the new compliance framework.,Neutral
this circular strikes a good balance between regulation and growth.,Positive
the compliance process is well drafted and addresses real industry concerns.,Positive
the licensing framework strikes a good balance between regulation and growth.,Positive
the proposed scheme improves transparency and accountability significantly.,Positive
How does the draft policy apply to companies registered outside India?,Neutral
Will the compliance process apply retrospectively or only going forward?,Neutral
What is the process to seek an exemption under this initiative?,Neutral
the licensing framework is too complicated and expensive for small businesses.,Negative
Is the compliance process applicable to partnership firms as well?,Neutral
the new compliance framework makes compliance much easier for startups.,Positive
the new filing requirement imposes excessive paperwork on businesses.,Negative
"Kudos to the department for the new registration process, very well thought out.",Positive
"I am against the new compliance framework, the penalties proposed are too harsh.",Negative
this policy will greatly help small businesses grow.,Positive
Requesting a public hearing before the revised procedure is finalized.,Neutral
this regulation is unfair to smaller companies compared to large corporations.,Negative
Please clarify the definition of small business under the proposed scheme.,Neutral
Is there a helpline for queries related to the compliance process?,Neutral
Kindly share the FAQ document related to this initiative.,Neutral
this regulation is a positive step towards ease of doing business.,Positive
Where can we submit our comments regarding this circular?,Neutral
"I strongly oppose the draft guideline, it adds unnecessary burden.",Negative
Please confirm whether the draft policy replaces the earlier circular.,Neutral
I appreciate the ministry for introducing the compliance process.,Positive
"I am against the licensing framework, the penalties proposed are too harsh.",Negative
Where can we submit our comments regarding the revised procedure?,Neutral
This process is broken and this rule makes it even worse.,Negative
Will the amendment apply retrospectively or only going forward?,Neutral
"Great initiative, this initiative addresses long standing industry demands.",Positive
the revised procedure does not take stakeholder feedback into account at all.,Negative
What is the process to seek an exemption under this notification?,Neutral
this policy brings much needed clarity and transparency.,Positive
Can the deadline for the draft policy be extended by a few months?,Neutral
the amendment is impractical and needs to be withdrawn immediately.,Negative
the proposed amendment will save businesses a lot of time and cost.,Positive
Please share the documents required to comply with this rule.,Neutral
the proposed scheme is impractical and needs to be withdrawn immediately.,Negative
"This is a welcome change, this initiative is exactly what was needed.",Positive
Please clarify which entities are covered under the draft policy.,Neutral
What is the process to seek an exemption under the new filing requirement?,Neutral
What is the effective date for the new compliance framework?,Neutral
this regulation will greatly help small businesses grow.,Positive
the new filing requirement will hurt small and medium enterprises badly.,Negative
Requesting a public hearing before the new registration process is finalized.,Neutral
the proposed reform is confusing and difficult to implement.,Negative
"Great initiative, this circular addresses long standing industry demands.",Positive
Kindly share the FAQ document related to the new filing requirement.,Neutral
this rule will make life easier for compliance officers.,Positive
This process is broken and the proposed scheme makes it even worse.,Negative
Please share the documents required to comply with the proposed reform.,Neutral
this regulation will boost investor confidence in the sector.,Positive
Can you provide more details on the applicability of this circular?,Neutral
this notification is unfair to smaller companies compared to large corporations.,Negative
Is there a transition period before this rule becomes mandatory?,Neutral
The compliance cost under the new filing requirement is simply unaffordable.,Negative
this notification brings much needed clarity and transparency.,Positive
What is the effective date for this policy?,Neutral
Please confirm whether this circular replaces the earlier circular.,Neutral
the licensing framework will greatly help small businesses grow.,Positive
Where can we submit our comments regarding the licensing framework?,Neutral
What are the reporting requirements introduced under this policy?,Neutral
the proposed scheme lacks clarity and will lead to harassment by officials.,Negative
"This is a welcome change, the compliance process is exactly what was needed.",Positive
Requesting a public hearing before this circular is finalized.,Neutral
"I am disappointed with the licensing framework, it does not solve the actual problem.",Negative
Please confirm whether the revised procedure replaces the earlier circular.,Neutral
"I strongly oppose this circular, it adds unnecessary burden.",Negative
"I strongly oppose the draft policy, it adds unnecessary burden.",Negative
Kindly share the FAQ document related to this circular.,Neutral
the draft policy will increase litigation and disputes unnecessarily.,Negative
Kindly share the FAQ document related to the new registration process.,Neutral
Happy that the annual filing process has been simplified.,Positive
How does the new compliance framework apply to companies registered outside India?,Neutral
Is online submission mandatory for this initiative or is offline allowed?,Neutral
this circular does not take stakeholder feedback into account at all.,Negative
"Very happy to see this circular, it will encourage entrepreneurship.",Positive
the draft guideline brings much needed clarity and transparency.,Positive
Please provide a sample format for the forms required under this initiative.,Neutral
"I fully support this circular, it is a step in the right direction.",Positive
Can you provide more details on the applicability of this initiative?,Neutral
Requesting a public hearing before the proposed amendment is finalized.,Neutral
What are the reporting requirements introduced under the draft policy?,Neutral
this initiative is impractical and needs to be withdrawn immediately.,Negative
the amendment simplifies the registration process considerably.,Positive
the proposed scheme is progressive and forward looking.,Positive
the revised procedure is too complicated and expensive for small businesses.,Negative
this circular will increase compliance costs without any real benefit.,Negative
this regulation will increase litigation and disputes unnecessarily.,Negative
This will disproportionately affect rural and small enterprises.,Negative
this rule is confusing and difficult to implement.,Negative
the draft guideline will increase litigation and disputes unnecessarily.,Negative
Can you provide more details on the applicability of the proposed scheme?,Neutral
This will create more red tape instead of reducing it.,Negative
the new compliance framework is impractical and needs to be withdrawn immediately.,Negative
Please clarify if physical signatures are still required.,Neutral
the proposed amendment is unfair to smaller companies compared to large corporations.,Negative
"Great initiative, the draft guideline addresses long standing industry demands.",Positive
Please clarify the definition of small business under this regulation.,Neutral
How does this policy apply to companies registered outside India?,Neutral
What are the reporting requirements introduced under the new filing requirement?,Neutral
this regulation is confusing and difficult to implement.,Negative
the new filing requirement does not take stakeholder feedback into account at all.,Negative
this policy is confusing and difficult to implement.,Negative
this notification simplifies the registration process considerably.,Positive
the proposed scheme is unfair to smaller companies compared to large corporations.,Negative
How does the licensing framework apply to companies registered outside India?,Neutral
the draft policy does not take stakeholder feedback into account at all.,Negative
When will the final notification be published on the website?,Neutral
"I am disappointed with the new compliance framework, it does not solve the actual problem.",Negative
this rule brings much needed clarity and transparency.,Positive
This process is broken and the draft policy makes it even worse.,Negative
this initiative is confusing and difficult to implement.,Negative
this circular is unfair to smaller companies compared to large corporations.,Negative
Please share the documents required to comply with this regulation.,Neutral
Please clarify the definition of small business under the revised procedure.,Neutral
"Kudos to the department for the revised procedure, very well thought out.",Positive
Is there a mobile app to track application status?,Neutral
the proposed scheme will make life easier for compliance officers.,Positive
"Very happy to see the proposed amendment, it will encourage entrepreneurship.",Positive
this rule is unfair to smaller companies compared to large corporations.,Negative
This is a poorly drafted policy that ignores ground realities.,Negative
Please clarify which entities are covered under the new registration process.,Neutral
Can you provide more details on the applicability of the proposed amendment?,Neutral
"Kudos to the department for this notification, very well thought out.",Positive
What is the effective date for this notification?,Neutral
Can the deadline for the revised procedure be extended by a few months?,Neutral
Reducing the number of forms required is a very good step.,Positive
Requesting a public hearing before the draft policy is finalized.,Neutral
I appreciate the ministry for introducing the proposed scheme.,Positive
"The helpline never picks up calls, support is terrible.",Negative
the new compliance framework is a positive step towards ease of doing business.,Positive
The timelines proposed in the draft policy are unreasonable.,Negative
the draft policy will hurt small and medium enterprises badly.,Negative
This is an excellent move that will benefit MSMEs.,Positive
the draft policy simplifies the registration process considerably.,Positive
"I strongly oppose the amendment, it adds unnecessary burden.",Negative
What is the effective date for the proposed amendment?,Neutral
this rule will increase litigation and disputes unnecessarily.,Negative
"Very happy to see this initiative, it will encourage entrepreneurship.",Positive
Please share the documents required to comply with the new compliance framework.,Neutral
"This is a welcome change, this regulation is exactly what was needed.",Positive
Please clarify the definition of small business under the draft guideline.,Neutral
the draft policy will reduce the compliance burden significantly.,Positive
the new compliance framework is unfair to smaller companies compared to large corporations.,Negative
"the proposed amendment is vague, ambiguous, and open to misuse.",Negative
Please clarify which entities are covered under the amendment.,Neutral
I appreciate the ministry for introducing this policy.,Positive
Please share the documents required to comply with the draft guideline.,Neutral
this notification will save businesses a lot of time and cost.,Positive
What is the fee structure for late filing?,Neutral
The compliance cost under the compliance process is simply unaffordable.,Negative
the proposed scheme is confusing and difficult to implement.,Negative
this circular improves transparency and accountability significantly.,Positive
"Well done, this addresses most of our concerns from last year.",Positive
The compliance cost under this circular is simply unaffordable.,Negative
Please provide a sample format for the forms required under the new compliance framework.,Neutral
"Kudos to the department for the proposed amendment, very well thought out.",Positive
the proposed reform will greatly help small businesses grow.,Positive
the licensing framework lacks clarity and will lead to harassment by officials.,Negative
Can the deadline for the new compliance framework be extended by a few months?,Neutral
the new compliance framework will hurt small and medium enterprises badly.,Negative
Will the proposed reform apply retrospectively or only going forward?,Neutral
the licensing framework will increase compliance costs without any real benefit.,Negative
this policy is well drafted and addresses real industry concerns.,Positive
Kindly share the FAQ document related to the proposed scheme.,Neutral
"I am disappointed with the proposed scheme, it does not solve the actual problem.",Negative
the amendment is confusing and difficult to implement.,Negative
the licensing framework will save businesses a lot of time and cost.,Positive
the new registration process is well drafted and addresses real industry concerns.,Positive
the licensing framework is well drafted and addresses real industry concerns.,Positive
Please provide a sample format for the forms required under this policy.,Neutral
the draft policy is a positive step towards ease of doing business.,Positive
I appreciate the ministry for introducing the licensing framework.,Positive
the amendment will boost investor confidence in the sector.,Positive
the new registration process will hurt small and medium enterprises badly.,Negative
the amendment imposes excessive paperwork on businesses.,Negative
the compliance process lacks clarity and will lead to harassment by officials.,Negative
"I fully support the amendment, it is a step in the right direction.",Positive
this circular is progressive and forward looking.,Positive
